{"cameraMode":{"drawMode":0,"name":"Shaded","section":"Shading Mode"},"sceneLighting":false,"audioPlay":false,"sceneViewState":{"m_AlwaysRefresh":false,"showFog":true,"showSkybox":false,"showFlares":true,"showImageEffects":true,"showParticleSystems":true,"showVisualEffectGraphs":true,"m_FxEnabled":true},"in2DMode":false,"pivot":{"x":-0.05502794310450554,"y":-0.14773212373256684,"z":0.18878519535064698},"rotation":{"x":0.10137848556041718,"y":-0.8055119514465332,"z":0.14433906972408296,"w":0.5657386779785156},"size":0.5778792500495911,"orthographic":false}