{"cameraMode":{"drawMode":0,"name":"Shaded","section":"Shading Mode"},"sceneLighting":true,"audioPlay":false,"sceneViewState":{"m_AlwaysRefresh":false,"showFog":true,"showSkybox":true,"showFlares":true,"showImageEffects":true,"showParticleSystems":true,"showVisualEffectGraphs":true,"m_FxEnabled":true},"in2DMode":false,"pivot":{"x":5.760319709777832,"y":2.512054920196533,"z":0.9371766448020935},"rotation":{"x":0.05238783732056618,"y":-0.5101751089096069,"z":0.030989184975624086,"w":0.8579941987991333},"size":0.22823894023895265,"orthographic":false}